id;nama;satuan_id;kategori_id;createdAt;updatedAt;harga;pembelianTerakhir;stok
BRG00001;Abon;f8dac0af-3bf3-482d-b7da-ccbfb0f39edf;3b534ec4-7119-4422-8199-dd36e3d76b2f;2024-09-07 04:24:58.649;2024-09-07 04:24:58.649;80000;2024-09-07 04:24:58.649;10
BRG00002;Alpokat;f8dac0af-3bf3-482d-b7da-ccbfb0f39edf;3b534ec4-7119-4422-8199-dd36e3d76b2f;2024-09-07 04:24:58.649;2024-09-07 04:24:58.649;34000;2024-09-07 04:24:58.650;10
BRG00003;Apel Malang;f8dac0af-3bf3-482d-b7da-ccbfb0f39edf;3b534ec4-7119-4422-8199-dd36e3d76b2f;2024-09-07 04:24:58.649;2024-09-07 04:24:58.649;35000;2024-09-07 04:24:58.651;10
BRG00004;Asam Jawa;f8dac0af-3bf3-482d-b7da-ccbfb0f39edf;3b534ec4-7119-4422-8199-dd36e3d76b2f;2024-09-07 04:24:58.649;2024-09-07 04:24:58.649;50000;2024-09-07 04:24:58.652;10
BRG00005;ayam boiler;f8dac0af-3bf3-482d-b7da-ccbfb0f39edf;3b534ec4-7119-4422-8199-dd36e3d76b2f;2024-09-07 04:24:58.649;2024-09-07 04:24:58.649;38000;2024-09-07 04:24:58.653;10
BRG00006;Baby Kailan;f8dac0af-3bf3-482d-b7da-ccbfb0f39edf;3b534ec4-7119-4422-8199-dd36e3d76b2f;2024-09-07 04:24:58.649;2024-09-07 04:24:58.649;35000;2024-09-07 04:24:58.654;10
BRG00007;Bakso ikan BJ;f8dac0af-3bf3-482d-b7da-ccbfb0f39edf;3b534ec4-7119-4422-8199-dd36e3d76b2f;2024-09-07 04:24:58.649;2024-09-07 04:24:58.649;1500;2024-09-07 04:24:58.655;10
BRG00008;Bawang Bombay;f8dac0af-3bf3-482d-b7da-ccbfb0f39edf;3b534ec4-7119-4422-8199-dd36e3d76b2f;2024-09-07 04:24:58.649;2024-09-07 04:24:58.649;30000;2024-09-07 04:24:58.656;10
BRG00009;Bawang Merah Goreng;f8dac0af-3bf3-482d-b7da-ccbfb0f39edf;3b534ec4-7119-4422-8199-dd36e3d76b2f;2024-09-07 04:24:58.649;2024-09-07 04:24:58.649;80000;2024-09-07 04:24:58.657;10
BRG00010;Bawang Merah Kupas;f8dac0af-3bf3-482d-b7da-ccbfb0f39edf;3b534ec4-7119-4422-8199-dd36e3d76b2f;2024-09-07 04:24:58.649;2024-09-07 04:24:58.649;45000;2024-09-07 04:24:58.658;10
BRG00011;Bawang Putih Kupas;f8dac0af-3bf3-482d-b7da-ccbfb0f39edf;3b534ec4-7119-4422-8199-dd36e3d76b2f;2024-09-07 04:24:58.649;2024-09-07 04:24:58.649;45000;2024-09-07 04:24:58.659;10
BRG00012;Bayam;f8dac0af-3bf3-482d-b7da-ccbfb0f39edf;3b534ec4-7119-4422-8199-dd36e3d76b2f;2024-09-07 04:24:58.649;2024-09-07 04:24:58.649;8000;2024-09-07 04:24:58.660;10
BRG00013;Belimbing;f8dac0af-3bf3-482d-b7da-ccbfb0f39edf;3b534ec4-7119-4422-8199-dd36e3d76b2f;2024-09-07 04:24:58.649;2024-09-07 04:24:58.649;14000;2024-09-07 04:24:58.661;10
BRG00014;Belimbing Wuluh;f8dac0af-3bf3-482d-b7da-ccbfb0f39edf;3b534ec4-7119-4422-8199-dd36e3d76b2f;2024-09-07 04:24:58.649;2024-09-07 04:24:58.649;25000;2024-09-07 04:24:58.662;10
BRG00015;Bengkoang;f8dac0af-3bf3-482d-b7da-ccbfb0f39edf;3b534ec4-7119-4422-8199-dd36e3d76b2f;2024-09-07 04:24:58.649;2024-09-07 04:24:58.649;14000;2024-09-07 04:24:58.663;10
BRG00016;Beras ketan;f8dac0af-3bf3-482d-b7da-ccbfb0f39edf;3b534ec4-7119-4422-8199-dd36e3d76b2f;2024-09-07 04:24:58.649;2024-09-07 04:24:58.649;23000;2024-09-07 04:24:58.664;10
BRG00017;biji selasih;f8dac0af-3bf3-482d-b7da-ccbfb0f39edf;3b534ec4-7119-4422-8199-dd36e3d76b2f;2024-09-07 04:24:58.649;2024-09-07 04:24:58.649;80000;2024-09-07 04:24:58.665;10
BRG00018;blewah;f8dac0af-3bf3-482d-b7da-ccbfb0f39edf;3b534ec4-7119-4422-8199-dd36e3d76b2f;2024-09-07 04:24:58.649;2024-09-07 04:24:58.649;20000;2024-09-07 04:24:58.666;10
BRG00019;Brokoli;f8dac0af-3bf3-482d-b7da-ccbfb0f39edf;3b534ec4-7119-4422-8199-dd36e3d76b2f;2024-09-07 04:24:58.649;2024-09-07 04:24:58.649;30000;2024-09-07 04:24:58.667;10
BRG00020;buah beet;f8dac0af-3bf3-482d-b7da-ccbfb0f39edf;3b534ec4-7119-4422-8199-dd36e3d76b2f;2024-09-07 04:24:58.649;2024-09-07 04:24:58.649;45000;2024-09-07 04:24:58.668;10
BRG00021;Bumbu gulai;f8dac0af-3bf3-482d-b7da-ccbfb0f39edf;3b534ec4-7119-4422-8199-dd36e3d76b2f;2024-09-07 04:24:58.649;2024-09-07 04:24:58.649;12000;2024-09-07 04:24:58.669;10
BRG00022;Buncis;f8dac0af-3bf3-482d-b7da-ccbfb0f39edf;3b534ec4-7119-4422-8199-dd36e3d76b2f;2024-09-07 04:24:58.649;2024-09-07 04:24:58.649;23000;2024-09-07 04:24:58.670;10
BRG00023;Buncis Baby;f8dac0af-3bf3-482d-b7da-ccbfb0f39edf;3b534ec4-7119-4422-8199-dd36e3d76b2f;2024-09-07 04:24:58.649;2024-09-07 04:24:58.649;30000;2024-09-07 04:24:58.671;10
BRG00024;Cabai Hijau Besar;f8dac0af-3bf3-482d-b7da-ccbfb0f39edf;3b534ec4-7119-4422-8199-dd36e3d76b2f;2024-09-07 04:24:58.649;2024-09-07 04:24:58.649;28000;2024-09-07 04:24:58.672;10
BRG00025;Cabai kering;f8dac0af-3bf3-482d-b7da-ccbfb0f39edf;3b534ec4-7119-4422-8199-dd36e3d76b2f;2024-09-07 04:24:58.649;2024-09-07 04:24:58.649;120000;2024-09-07 04:24:58.673;10
BRG00026;Cabai Keriting;f8dac0af-3bf3-482d-b7da-ccbfb0f39edf;3b534ec4-7119-4422-8199-dd36e3d76b2f;2024-09-07 04:24:58.649;2024-09-07 04:24:58.649;70000;2024-09-07 04:24:58.674;10
BRG00027;Cabai Merah Besar;f8dac0af-3bf3-482d-b7da-ccbfb0f39edf;3b534ec4-7119-4422-8199-dd36e3d76b2f;2024-09-07 04:24:58.649;2024-09-07 04:24:58.649;55000;2024-09-07 04:24:58.675;10
BRG00028;Cabai Rawit;f8dac0af-3bf3-482d-b7da-ccbfb0f39edf;3b534ec4-7119-4422-8199-dd36e3d76b2f;2024-09-07 04:24:58.649;2024-09-07 04:24:58.649;70000;2024-09-07 04:24:58.676;10
BRG00029;Cabai Rawit Merah;f8dac0af-3bf3-482d-b7da-ccbfb0f39edf;3b534ec4-7119-4422-8199-dd36e3d76b2f;2024-09-07 04:24:58.649;2024-09-07 04:24:58.649;90000;2024-09-07 04:24:58.677;10
BRG00030;Caisim (Sawi Hijau);f8dac0af-3bf3-482d-b7da-ccbfb0f39edf;3b534ec4-7119-4422-8199-dd36e3d76b2f;2024-09-07 04:24:58.649;2024-09-07 04:24:58.649;8000;2024-09-07 04:24:58.678;10
BRG00031;Cakue Besar;f8dac0af-3bf3-482d-b7da-ccbfb0f39edf;3b534ec4-7119-4422-8199-dd36e3d76b2f;2024-09-07 04:24:58.649;2024-09-07 04:24:58.649;3500;2024-09-07 04:24:58.679;10
BRG00032;Ciciwis;f8dac0af-3bf3-482d-b7da-ccbfb0f39edf;3b534ec4-7119-4422-8199-dd36e3d76b2f;2024-09-07 04:24:58.649;2024-09-07 04:24:58.649;18000;2024-09-07 04:24:58.680;10
BRG00033;Cincau Hitam;f8dac0af-3bf3-482d-b7da-ccbfb0f39edf;3b534ec4-7119-4422-8199-dd36e3d76b2f;2024-09-07 04:24:58.649;2024-09-07 04:24:58.649;12000;2024-09-07 04:24:58.681;10
BRG00034;daun  ginseng;f8dac0af-3bf3-482d-b7da-ccbfb0f39edf;3b534ec4-7119-4422-8199-dd36e3d76b2f;2024-09-07 04:24:58.649;2024-09-07 04:24:58.649;7000;2024-09-07 04:24:58.682;10
BRG00035;Daun Jeruk;f8dac0af-3bf3-482d-b7da-ccbfb0f39edf;3b534ec4-7119-4422-8199-dd36e3d76b2f;2024-09-07 04:24:58.649;2024-09-07 04:24:58.649;40000;2024-09-07 04:24:58.683;10
BRG00036;Daun Kenci;f8dac0af-3bf3-482d-b7da-ccbfb0f39edf;3b534ec4-7119-4422-8199-dd36e3d76b2f;2024-09-07 04:24:58.649;2024-09-07 04:24:58.649;8000;2024-09-07 04:24:58.684;10
BRG00037;daun ketumbar;f8dac0af-3bf3-482d-b7da-ccbfb0f39edf;3b534ec4-7119-4422-8199-dd36e3d76b2f;2024-09-07 04:24:58.649;2024-09-07 04:24:58.649;90000;2024-09-07 04:24:58.685;10
BRG00038;daun koiling;f8dac0af-3bf3-482d-b7da-ccbfb0f39edf;3b534ec4-7119-4422-8199-dd36e3d76b2f;2024-09-07 04:24:58.649;2024-09-07 04:24:58.649;45000;2024-09-07 04:24:58.686;10
BRG00039;daun kunir;f8dac0af-3bf3-482d-b7da-ccbfb0f39edf;3b534ec4-7119-4422-8199-dd36e3d76b2f;2024-09-07 04:24:58.649;2024-09-07 04:24:58.649;12000;2024-09-07 04:24:58.687;10
BRG00040;Daun Melinjo/So;f8dac0af-3bf3-482d-b7da-ccbfb0f39edf;3b534ec4-7119-4422-8199-dd36e3d76b2f;2024-09-07 04:24:58.649;2024-09-07 04:24:58.649;50000;2024-09-07 04:24:58.688;10
BRG00041;daun pagoda;f8dac0af-3bf3-482d-b7da-ccbfb0f39edf;3b534ec4-7119-4422-8199-dd36e3d76b2f;2024-09-07 04:24:58.649;2024-09-07 04:24:58.649;45000;2024-09-07 04:24:58.689;10
BRG00042;Daun Pandan;f8dac0af-3bf3-482d-b7da-ccbfb0f39edf;3b534ec4-7119-4422-8199-dd36e3d76b2f;2024-09-07 04:24:58.649;2024-09-07 04:24:58.649;4000;2024-09-07 04:24:58.690;10
BRG00043;Daun pepaya rebus;f8dac0af-3bf3-482d-b7da-ccbfb0f39edf;3b534ec4-7119-4422-8199-dd36e3d76b2f;2024-09-07 04:24:58.649;2024-09-07 04:24:58.649;15000;2024-09-07 04:24:58.691;10
BRG00044;Daun Pisang;f8dac0af-3bf3-482d-b7da-ccbfb0f39edf;3b534ec4-7119-4422-8199-dd36e3d76b2f;2024-09-07 04:24:58.649;2024-09-07 04:24:58.649;25000;2024-09-07 04:24:58.692;10
BRG00045;Daun Salam;f8dac0af-3bf3-482d-b7da-ccbfb0f39edf;3b534ec4-7119-4422-8199-dd36e3d76b2f;2024-09-07 04:24:58.649;2024-09-07 04:24:58.649;5000;2024-09-07 04:24:58.693;10
BRG00046;Daun Singkong rebus;f8dac0af-3bf3-482d-b7da-ccbfb0f39edf;3b534ec4-7119-4422-8199-dd36e3d76b2f;2024-09-07 04:24:58.649;2024-09-07 04:24:58.649;15000;2024-09-07 04:24:58.694;10
BRG00047;Dawet;f8dac0af-3bf3-482d-b7da-ccbfb0f39edf;3b534ec4-7119-4422-8199-dd36e3d76b2f;2024-09-07 04:24:58.649;2024-09-07 04:24:58.649;15000;2024-09-07 04:24:58.695;10
BRG00048;ebi;f8dac0af-3bf3-482d-b7da-ccbfb0f39edf;3b534ec4-7119-4422-8199-dd36e3d76b2f;2024-09-07 04:24:58.649;2024-09-07 04:24:58.649;180000;2024-09-07 04:24:58.696;10
BRG00049;Emping;f8dac0af-3bf3-482d-b7da-ccbfb0f39edf;3b534ec4-7119-4422-8199-dd36e3d76b2f;2024-09-07 04:24:58.649;2024-09-07 04:24:58.649;55000;2024-09-07 04:24:58.697;10
BRG00050;fillet paha ayam;f8dac0af-3bf3-482d-b7da-ccbfb0f39edf;3b534ec4-7119-4422-8199-dd36e3d76b2f;2024-09-07 04:24:58.649;2024-09-07 04:24:58.649;55000;2024-09-07 04:24:58.698;10
BRG00051;Gambas/Oyong;f8dac0af-3bf3-482d-b7da-ccbfb0f39edf;3b534ec4-7119-4422-8199-dd36e3d76b2f;2024-09-07 04:24:58.649;2024-09-07 04:24:58.649;18000;2024-09-07 04:24:58.699;10
BRG00052;Gembus;f8dac0af-3bf3-482d-b7da-ccbfb0f39edf;3b534ec4-7119-4422-8199-dd36e3d76b2f;2024-09-07 04:24:58.649;2024-09-07 04:24:58.649;2500;2024-09-07 04:24:58.700;10
BRG00053;Gori;f8dac0af-3bf3-482d-b7da-ccbfb0f39edf;3b534ec4-7119-4422-8199-dd36e3d76b2f;2024-09-07 04:24:58.649;2024-09-07 04:24:58.649;16000;2024-09-07 04:24:58.701;10
BRG00054;Gula Merah;f8dac0af-3bf3-482d-b7da-ccbfb0f39edf;3b534ec4-7119-4422-8199-dd36e3d76b2f;2024-09-07 04:24:58.649;2024-09-07 04:24:58.649;28000;2024-09-07 04:24:58.702;10
BRG00055;ikan asin layur;f8dac0af-3bf3-482d-b7da-ccbfb0f39edf;3b534ec4-7119-4422-8199-dd36e3d76b2f;2024-09-07 04:24:58.649;2024-09-07 04:24:58.649;75000;2024-09-07 04:24:58.703;10
BRG00056;Jagung Manis;f8dac0af-3bf3-482d-b7da-ccbfb0f39edf;3b534ec4-7119-4422-8199-dd36e3d76b2f;2024-09-07 04:24:58.649;2024-09-07 04:24:58.649;12000;2024-09-07 04:24:58.704;10
BRG00057;Jahe Besar (Gajah);f8dac0af-3bf3-482d-b7da-ccbfb0f39edf;3b534ec4-7119-4422-8199-dd36e3d76b2f;2024-09-07 04:24:58.649;2024-09-07 04:24:58.649;35000;2024-09-07 04:24:58.705;10
BRG00058;jahe emprit;f8dac0af-3bf3-482d-b7da-ccbfb0f39edf;3b534ec4-7119-4422-8199-dd36e3d76b2f;2024-09-07 04:24:58.649;2024-09-07 04:24:58.649;35000;2024-09-07 04:24:58.706;10
BRG00059;Jambu Biji;f8dac0af-3bf3-482d-b7da-ccbfb0f39edf;3b534ec4-7119-4422-8199-dd36e3d76b2f;2024-09-07 04:24:58.649;2024-09-07 04:24:58.649;16000;2024-09-07 04:24:58.707;10
BRG00060;jamur hyoko;f8dac0af-3bf3-482d-b7da-ccbfb0f39edf;3b534ec4-7119-4422-8199-dd36e3d76b2f;2024-09-07 04:24:58.649;2024-09-07 04:24:58.649;90000;2024-09-07 04:24:58.708;10
BRG00061;jamur kancing;f8dac0af-3bf3-482d-b7da-ccbfb0f39edf;3b534ec4-7119-4422-8199-dd36e3d76b2f;2024-09-07 04:24:58.649;2024-09-07 04:24:58.649;45000;2024-09-07 04:24:58.709;10
BRG00062;Jamur Kuping;f8dac0af-3bf3-482d-b7da-ccbfb0f39edf;3b534ec4-7119-4422-8199-dd36e3d76b2f;2024-09-07 04:24:58.649;2024-09-07 04:24:58.649;80000;2024-09-07 04:24:58.710;10
BRG00063;Jamur Merang;f8dac0af-3bf3-482d-b7da-ccbfb0f39edf;3b534ec4-7119-4422-8199-dd36e3d76b2f;2024-09-07 04:24:58.649;2024-09-07 04:24:58.649;45000;2024-09-07 04:24:58.711;10
BRG00064;Jamur Salju;f8dac0af-3bf3-482d-b7da-ccbfb0f39edf;3b534ec4-7119-4422-8199-dd36e3d76b2f;2024-09-07 04:24:58.649;2024-09-07 04:24:58.649;80000;2024-09-07 04:24:58.712;10
BRG00065;jamur shitake;f8dac0af-3bf3-482d-b7da-ccbfb0f39edf;3b534ec4-7119-4422-8199-dd36e3d76b2f;2024-09-07 04:24:58.649;2024-09-07 04:24:58.649;80000;2024-09-07 04:24:58.713;10
BRG00066;jamur tiram;f8dac0af-3bf3-482d-b7da-ccbfb0f39edf;3b534ec4-7119-4422-8199-dd36e3d76b2f;2024-09-07 04:24:58.649;2024-09-07 04:24:58.649;25000;2024-09-07 04:24:58.714;10
BRG00067;Jeruk Lemon;f8dac0af-3bf3-482d-b7da-ccbfb0f39edf;3b534ec4-7119-4422-8199-dd36e3d76b2f;2024-09-07 04:24:58.649;2024-09-07 04:24:58.649;35000;2024-09-07 04:24:58.715;10
BRG00068;jeruk limau;f8dac0af-3bf3-482d-b7da-ccbfb0f39edf;3b534ec4-7119-4422-8199-dd36e3d76b2f;2024-09-07 04:24:58.649;2024-09-07 04:24:58.649;50000;2024-09-07 04:24:58.716;10
BRG00069;Jeruk Nipis;f8dac0af-3bf3-482d-b7da-ccbfb0f39edf;3b534ec4-7119-4422-8199-dd36e3d76b2f;2024-09-07 04:24:58.649;2024-09-07 04:24:58.649;14000;2024-09-07 04:24:58.717;10
BRG00070;Jeruk Pontianak peres;f8dac0af-3bf3-482d-b7da-ccbfb0f39edf;3b534ec4-7119-4422-8199-dd36e3d76b2f;2024-09-07 04:24:58.649;2024-09-07 04:24:58.649;24000;2024-09-07 04:24:58.718;10
BRG00071;Jeruk siam/BOX;f8dac0af-3bf3-482d-b7da-ccbfb0f39edf;3b534ec4-7119-4422-8199-dd36e3d76b2f;2024-09-07 04:24:58.649;2024-09-07 04:24:58.649;28000;2024-09-07 04:24:58.719;10
BRG00072;jinten;f8dac0af-3bf3-482d-b7da-ccbfb0f39edf;3b534ec4-7119-4422-8199-dd36e3d76b2f;2024-09-07 04:24:58.649;2024-09-07 04:24:58.649;90000;2024-09-07 04:24:58.720;10
BRG00073;Jipang Rajang;f8dac0af-3bf3-482d-b7da-ccbfb0f39edf;3b534ec4-7119-4422-8199-dd36e3d76b2f;2024-09-07 04:24:58.649;2024-09-07 04:24:58.649;15000;2024-09-07 04:24:58.721;10
BRG00074;Kacang Hijau;f8dac0af-3bf3-482d-b7da-ccbfb0f39edf;3b534ec4-7119-4422-8199-dd36e3d76b2f;2024-09-07 04:24:58.649;2024-09-07 04:24:58.649;30000;2024-09-07 04:24:58.722;10
BRG00075;Kacang Hijau Kupas;f8dac0af-3bf3-482d-b7da-ccbfb0f39edf;3b534ec4-7119-4422-8199-dd36e3d76b2f;2024-09-07 04:24:58.649;2024-09-07 04:24:58.649;40000;2024-09-07 04:24:58.723;10
BRG00076;Kacang Kulit/kc.godog;f8dac0af-3bf3-482d-b7da-ccbfb0f39edf;3b534ec4-7119-4422-8199-dd36e3d76b2f;2024-09-07 04:24:58.649;2024-09-07 04:24:58.649;14000;2024-09-07 04:24:58.724;10
BRG00077;Kacang Merah;f8dac0af-3bf3-482d-b7da-ccbfb0f39edf;3b534ec4-7119-4422-8199-dd36e3d76b2f;2024-09-07 04:24:58.649;2024-09-07 04:24:58.649;30000;2024-09-07 04:24:58.725;10
BRG00078;kacang mete;f8dac0af-3bf3-482d-b7da-ccbfb0f39edf;3b534ec4-7119-4422-8199-dd36e3d76b2f;2024-09-07 04:24:58.649;2024-09-07 04:24:58.649;80000;2024-09-07 04:24:58.726;10
BRG00079;Kacang Panjang;f8dac0af-3bf3-482d-b7da-ccbfb0f39edf;3b534ec4-7119-4422-8199-dd36e3d76b2f;2024-09-07 04:24:58.649;2024-09-07 04:24:58.649;17000;2024-09-07 04:24:58.727;10
BRG00080;kacang tanah klt ari;f8dac0af-3bf3-482d-b7da-ccbfb0f39edf;3b534ec4-7119-4422-8199-dd36e3d76b2f;2024-09-07 04:24:58.649;2024-09-07 04:24:58.649;25000;2024-09-07 04:24:58.728;10
BRG00081;Kacang Tanah Kupas;f8dac0af-3bf3-482d-b7da-ccbfb0f39edf;3b534ec4-7119-4422-8199-dd36e3d76b2f;2024-09-07 04:24:58.649;2024-09-07 04:24:58.649;28000;2024-09-07 04:24:58.729;10
BRG00082;Kacang Tolo;f8dac0af-3bf3-482d-b7da-ccbfb0f39edf;3b534ec4-7119-4422-8199-dd36e3d76b2f;2024-09-07 04:24:58.649;2024-09-07 04:24:58.649;17000;2024-09-07 04:24:58.730;10
BRG00083;Kangkung akar;f8dac0af-3bf3-482d-b7da-ccbfb0f39edf;3b534ec4-7119-4422-8199-dd36e3d76b2f;2024-09-07 04:24:58.649;2024-09-07 04:24:58.649;5000;2024-09-07 04:24:58.731;10
BRG00084;Kapri;f8dac0af-3bf3-482d-b7da-ccbfb0f39edf;3b534ec4-7119-4422-8199-dd36e3d76b2f;2024-09-07 04:24:58.649;2024-09-07 04:24:58.649;50000;2024-09-07 04:24:58.732;10
BRG00085;Kapulaga;f8dac0af-3bf3-482d-b7da-ccbfb0f39edf;3b534ec4-7119-4422-8199-dd36e3d76b2f;2024-09-07 04:24:58.649;2024-09-07 04:24:58.649;90000;2024-09-07 04:24:58.733;10
BRG00086;kayu manis;f8dac0af-3bf3-482d-b7da-ccbfb0f39edf;3b534ec4-7119-4422-8199-dd36e3d76b2f;2024-09-07 04:24:58.649;2024-09-07 04:24:58.649;50000;2024-09-07 04:24:58.734;10
BRG00087;kecipir;f8dac0af-3bf3-482d-b7da-ccbfb0f39edf;3b534ec4-7119-4422-8199-dd36e3d76b2f;2024-09-07 04:24:58.649;2024-09-07 04:24:58.649;24000;2024-09-07 04:24:58.735;10
BRG00088;kecombrang;f8dac0af-3bf3-482d-b7da-ccbfb0f39edf;3b534ec4-7119-4422-8199-dd36e3d76b2f;2024-09-07 04:24:58.649;2024-09-07 04:24:58.649;12000;2024-09-07 04:24:58.736;10
BRG00089;Kedelai Puitih;f8dac0af-3bf3-482d-b7da-ccbfb0f39edf;3b534ec4-7119-4422-8199-dd36e3d76b2f;2024-09-07 04:24:58.649;2024-09-07 04:24:58.649;17000;2024-09-07 04:24:58.737;10
BRG00090;kedondong;f8dac0af-3bf3-482d-b7da-ccbfb0f39edf;3b534ec4-7119-4422-8199-dd36e3d76b2f;2024-09-07 04:24:58.649;2024-09-07 04:24:58.649;13000;2024-09-07 04:24:58.738;10
BRG00091;Kelapa kupas utuh;f8dac0af-3bf3-482d-b7da-ccbfb0f39edf;3b534ec4-7119-4422-8199-dd36e3d76b2f;2024-09-07 04:24:58.649;2024-09-07 04:24:58.649;12000;2024-09-07 04:24:58.739;10
BRG00092;Kelapa Muda (Degan);f8dac0af-3bf3-482d-b7da-ccbfb0f39edf;3b534ec4-7119-4422-8199-dd36e3d76b2f;2024-09-07 04:24:58.649;2024-09-07 04:24:58.649;14000;2024-09-07 04:24:58.740;10
BRG00093;Kelapa Parut;f8dac0af-3bf3-482d-b7da-ccbfb0f39edf;3b534ec4-7119-4422-8199-dd36e3d76b2f;2024-09-07 04:24:58.649;2024-09-07 04:24:58.649;28000;2024-09-07 04:24:58.741;10
BRG00094;Kemangi;f8dac0af-3bf3-482d-b7da-ccbfb0f39edf;3b534ec4-7119-4422-8199-dd36e3d76b2f;2024-09-07 04:24:58.649;2024-09-07 04:24:58.649;10000;2024-09-07 04:24:58.742;10
BRG00095;Kembang Kol;f8dac0af-3bf3-482d-b7da-ccbfb0f39edf;3b534ec4-7119-4422-8199-dd36e3d76b2f;2024-09-07 04:24:58.649;2024-09-07 04:24:58.649;25000;2024-09-07 04:24:58.743;10
BRG00096;Kemiri;f8dac0af-3bf3-482d-b7da-ccbfb0f39edf;3b534ec4-7119-4422-8199-dd36e3d76b2f;2024-09-07 04:24:58.649;2024-09-07 04:24:58.649;6000;2024-09-07 04:24:58.744;10
BRG00097;Kencur;f8dac0af-3bf3-482d-b7da-ccbfb0f39edf;3b534ec4-7119-4422-8199-dd36e3d76b2f;2024-09-07 04:24:58.649;2024-09-07 04:24:58.649;50000;2024-09-07 04:24:58.745;10
BRG00098;kenikir;f8dac0af-3bf3-482d-b7da-ccbfb0f39edf;3b534ec4-7119-4422-8199-dd36e3d76b2f;2024-09-07 04:24:58.649;2024-09-07 04:24:58.649;7000;2024-09-07 04:24:58.746;10
BRG00099;Kentang Besar;f8dac0af-3bf3-482d-b7da-ccbfb0f39edf;3b534ec4-7119-4422-8199-dd36e3d76b2f;2024-09-07 04:24:58.649;2024-09-07 04:24:58.649;22000;2024-09-07 04:24:58.747;10
BRG00100;kentang bulat 18;f8dac0af-3bf3-482d-b7da-ccbfb0f39edf;3b534ec4-7119-4422-8199-dd36e3d76b2f;2024-09-07 04:24:58.649;2024-09-07 04:24:58.649;18000;2024-09-07 04:24:58.748;10
BRG00101;kerupuk karak;f8dac0af-3bf3-482d-b7da-ccbfb0f39edf;3b534ec4-7119-4422-8199-dd36e3d76b2f;2024-09-07 04:24:58.649;2024-09-07 04:24:58.649;20000;2024-09-07 04:24:58.749;10
BRG00102;kerupuk terung mentah;f8dac0af-3bf3-482d-b7da-ccbfb0f39edf;3b534ec4-7119-4422-8199-dd36e3d76b2f;2024-09-07 04:24:58.649;2024-09-07 04:24:58.649;20000;2024-09-07 04:24:58.750;10
BRG00103;kerupuk udang besar;f8dac0af-3bf3-482d-b7da-ccbfb0f39edf;3b534ec4-7119-4422-8199-dd36e3d76b2f;2024-09-07 04:24:58.649;2024-09-07 04:24:58.649;70000;2024-09-07 04:24:58.751;10
BRG00104;ketan hitam;f8dac0af-3bf3-482d-b7da-ccbfb0f39edf;3b534ec4-7119-4422-8199-dd36e3d76b2f;2024-09-07 04:24:58.649;2024-09-07 04:24:58.649;23000;2024-09-07 04:24:58.752;10
BRG00105;Ketumbar;f8dac0af-3bf3-482d-b7da-ccbfb0f39edf;3b534ec4-7119-4422-8199-dd36e3d76b2f;2024-09-07 04:24:58.649;2024-09-07 04:24:58.649;40000;2024-09-07 04:24:58.753;10
BRG00106;Kiwi;f8dac0af-3bf3-482d-b7da-ccbfb0f39edf;3b534ec4-7119-4422-8199-dd36e3d76b2f;2024-09-07 04:24:58.649;2024-09-07 04:24:58.649;80000;2024-09-07 04:24:58.754;10
BRG00107;Kluwak;f8dac0af-3bf3-482d-b7da-ccbfb0f39edf;3b534ec4-7119-4422-8199-dd36e3d76b2f;2024-09-07 04:24:58.649;2024-09-07 04:24:58.649;55000;2024-09-07 04:24:58.755;10
BRG00108;Kol Merah;f8dac0af-3bf3-482d-b7da-ccbfb0f39edf;3b534ec4-7119-4422-8199-dd36e3d76b2f;2024-09-07 04:24:58.649;2024-09-07 04:24:58.649;35000;2024-09-07 04:24:58.756;10
BRG00109;Kol Putih;f8dac0af-3bf3-482d-b7da-ccbfb0f39edf;3b534ec4-7119-4422-8199-dd36e3d76b2f;2024-09-07 04:24:58.649;2024-09-07 04:24:58.649;14000;2024-09-07 04:24:58.757;10
BRG00110;Kolang Kaling Besar;f8dac0af-3bf3-482d-b7da-ccbfb0f39edf;3b534ec4-7119-4422-8199-dd36e3d76b2f;2024-09-07 04:24:58.649;2024-09-07 04:24:58.649;18000;2024-09-07 04:24:58.758;10
BRG00111;kolokeling;f8dac0af-3bf3-482d-b7da-ccbfb0f39edf;3b534ec4-7119-4422-8199-dd36e3d76b2f;2024-09-07 04:24:58.649;2024-09-07 04:24:58.649;12000;2024-09-07 04:24:58.759;10
BRG00112;Krecek;f8dac0af-3bf3-482d-b7da-ccbfb0f39edf;3b534ec4-7119-4422-8199-dd36e3d76b2f;2024-09-07 04:24:58.649;2024-09-07 04:24:58.649;120000;2024-09-07 04:24:58.760;10
BRG00113;Krupuk bwg warna;f8dac0af-3bf3-482d-b7da-ccbfb0f39edf;3b534ec4-7119-4422-8199-dd36e3d76b2f;2024-09-07 04:24:58.649;2024-09-07 04:24:58.649;28000;2024-09-07 04:24:58.761;10
BRG00114;kulit lumpia besar;f8dac0af-3bf3-482d-b7da-ccbfb0f39edf;3b534ec4-7119-4422-8199-dd36e3d76b2f;2024-09-07 04:24:58.649;2024-09-07 04:24:58.649;600;2024-09-07 04:24:58.762;10
BRG00115;kulit lumpia kecil;f8dac0af-3bf3-482d-b7da-ccbfb0f39edf;3b534ec4-7119-4422-8199-dd36e3d76b2f;2024-09-07 04:24:58.649;2024-09-07 04:24:58.649;500;2024-09-07 04:24:58.763;10
BRG00116;kulit pangsit;f8dac0af-3bf3-482d-b7da-ccbfb0f39edf;3b534ec4-7119-4422-8199-dd36e3d76b2f;2024-09-07 04:24:58.649;2024-09-07 04:24:58.649;35000;2024-09-07 04:24:58.764;10
BRG00117;kunci;f8dac0af-3bf3-482d-b7da-ccbfb0f39edf;3b534ec4-7119-4422-8199-dd36e3d76b2f;2024-09-07 04:24:58.649;2024-09-07 04:24:58.649;24000;2024-09-07 04:24:58.765;10
BRG00118;Kunyit;f8dac0af-3bf3-482d-b7da-ccbfb0f39edf;3b534ec4-7119-4422-8199-dd36e3d76b2f;2024-09-07 04:24:58.649;2024-09-07 04:24:58.649;15000;2024-09-07 04:24:58.766;10
BRG00119;kurma;f8dac0af-3bf3-482d-b7da-ccbfb0f39edf;3b534ec4-7119-4422-8199-dd36e3d76b2f;2024-09-07 04:24:58.649;2024-09-07 04:24:58.649;80000;2024-09-07 04:24:58.767;10
BRG00120;labu kuning;f8dac0af-3bf3-482d-b7da-ccbfb0f39edf;3b534ec4-7119-4422-8199-dd36e3d76b2f;2024-09-07 04:24:58.649;2024-09-07 04:24:58.649;12000;2024-09-07 04:24:58.768;10
BRG00121;labu putih;f8dac0af-3bf3-482d-b7da-ccbfb0f39edf;3b534ec4-7119-4422-8199-dd36e3d76b2f;2024-09-07 04:24:58.649;2024-09-07 04:24:58.649;12000;2024-09-07 04:24:58.769;10
BRG00122;Labu Siam (Jipan);f8dac0af-3bf3-482d-b7da-ccbfb0f39edf;3b534ec4-7119-4422-8199-dd36e3d76b2f;2024-09-07 04:24:58.649;2024-09-07 04:24:58.649;14000;2024-09-07 04:24:58.770;10
BRG00123;Lada hitam;f8dac0af-3bf3-482d-b7da-ccbfb0f39edf;3b534ec4-7119-4422-8199-dd36e3d76b2f;2024-09-07 04:24:58.649;2024-09-07 04:24:58.649;140000;2024-09-07 04:24:58.771;10
BRG00124;laos;f8dac0af-3bf3-482d-b7da-ccbfb0f39edf;3b534ec4-7119-4422-8199-dd36e3d76b2f;2024-09-07 04:24:58.649;2024-09-07 04:24:58.649;18000;2024-09-07 04:24:58.772;10
BRG00125;Letuce;f8dac0af-3bf3-482d-b7da-ccbfb0f39edf;3b534ec4-7119-4422-8199-dd36e3d76b2f;2024-09-07 04:24:58.649;2024-09-07 04:24:58.649;45000;2024-09-07 04:24:58.773;10
BRG00126;Lobak Putih;f8dac0af-3bf3-482d-b7da-ccbfb0f39edf;3b534ec4-7119-4422-8199-dd36e3d76b2f;2024-09-07 04:24:58.649;2024-09-07 04:24:58.649;16000;2024-09-07 04:24:58.774;10
BRG00127;Lontong;f8dac0af-3bf3-482d-b7da-ccbfb0f39edf;3b534ec4-7119-4422-8199-dd36e3d76b2f;2024-09-07 04:24:58.649;2024-09-07 04:24:58.649;4000;2024-09-07 04:24:58.775;10
BRG00128;Makaroni Lokal;f8dac0af-3bf3-482d-b7da-ccbfb0f39edf;3b534ec4-7119-4422-8199-dd36e3d76b2f;2024-09-07 04:24:58.649;2024-09-07 04:24:58.649;28000;2024-09-07 04:24:58.776;10
BRG00129;mangga arumanis;f8dac0af-3bf3-482d-b7da-ccbfb0f39edf;3b534ec4-7119-4422-8199-dd36e3d76b2f;2024-09-07 04:24:58.649;2024-09-07 04:24:58.649;25000;2024-09-07 04:24:58.777;10
BRG00130;mangga muda;f8dac0af-3bf3-482d-b7da-ccbfb0f39edf;3b534ec4-7119-4422-8199-dd36e3d76b2f;2024-09-07 04:24:58.649;2024-09-07 04:24:58.649;18000;2024-09-07 04:24:58.778;10
BRG00131;Melon;f8dac0af-3bf3-482d-b7da-ccbfb0f39edf;3b534ec4-7119-4422-8199-dd36e3d76b2f;2024-09-07 04:24:58.649;2024-09-07 04:24:58.649;25000;2024-09-07 04:24:58.779;10
BRG00132;Merica Butir;f8dac0af-3bf3-482d-b7da-ccbfb0f39edf;3b534ec4-7119-4422-8199-dd36e3d76b2f;2024-09-07 04:24:58.649;2024-09-07 04:24:58.649;80000;2024-09-07 04:24:58.780;10
BRG00133;Nanas;f8dac0af-3bf3-482d-b7da-ccbfb0f39edf;3b534ec4-7119-4422-8199-dd36e3d76b2f;2024-09-07 04:24:58.649;2024-09-07 04:24:58.649;9000;2024-09-07 04:24:58.781;10
BRG00134;Nangka Matang;f8dac0af-3bf3-482d-b7da-ccbfb0f39edf;3b534ec4-7119-4422-8199-dd36e3d76b2f;2024-09-07 04:24:58.649;2024-09-07 04:24:58.649;25000;2024-09-07 04:24:58.782;10
BRG00135;okra;f8dac0af-3bf3-482d-b7da-ccbfb0f39edf;3b534ec4-7119-4422-8199-dd36e3d76b2f;2024-09-07 04:24:58.649;2024-09-07 04:24:58.649;20000;2024-09-07 04:24:58.783;10
BRG00136;Onclang Besar;f8dac0af-3bf3-482d-b7da-ccbfb0f39edf;3b534ec4-7119-4422-8199-dd36e3d76b2f;2024-09-07 04:24:58.649;2024-09-07 04:24:58.649;14000;2024-09-07 04:24:58.784;10
BRG00137;oncom;f8dac0af-3bf3-482d-b7da-ccbfb0f39edf;3b534ec4-7119-4422-8199-dd36e3d76b2f;2024-09-07 04:24:58.649;2024-09-07 04:24:58.649;20000;2024-09-07 04:24:58.785;10
BRG00138;Pala Kupas;f8dac0af-3bf3-482d-b7da-ccbfb0f39edf;3b534ec4-7119-4422-8199-dd36e3d76b2f;2024-09-07 04:24:58.649;2024-09-07 04:24:58.649;90000;2024-09-07 04:24:58.786;10
BRG00139;Paprika Hijau;f8dac0af-3bf3-482d-b7da-ccbfb0f39edf;3b534ec4-7119-4422-8199-dd36e3d76b2f;2024-09-07 04:24:58.649;2024-09-07 04:24:58.649;38000;2024-09-07 04:24:58.787;10
BRG00140;Paprika kuning;f8dac0af-3bf3-482d-b7da-ccbfb0f39edf;3b534ec4-7119-4422-8199-dd36e3d76b2f;2024-09-07 04:24:58.649;2024-09-07 04:24:58.649;52000;2024-09-07 04:24:58.788;10
BRG00141;Paprika Merah;f8dac0af-3bf3-482d-b7da-ccbfb0f39edf;3b534ec4-7119-4422-8199-dd36e3d76b2f;2024-09-07 04:24:58.649;2024-09-07 04:24:58.649;48000;2024-09-07 04:24:58.789;10
BRG00142;pare;f8dac0af-3bf3-482d-b7da-ccbfb0f39edf;3b534ec4-7119-4422-8199-dd36e3d76b2f;2024-09-07 04:24:58.649;2024-09-07 04:24:58.649;15000;2024-09-07 04:24:58.790;10
BRG00143;paya;f8dac0af-3bf3-482d-b7da-ccbfb0f39edf;3b534ec4-7119-4422-8199-dd36e3d76b2f;2024-09-07 04:24:58.649;2024-09-07 04:24:58.649;14000;2024-09-07 04:24:58.791;10
BRG00144;Pepaya Merah;f8dac0af-3bf3-482d-b7da-ccbfb0f39edf;3b534ec4-7119-4422-8199-dd36e3d76b2f;2024-09-07 04:24:58.649;2024-09-07 04:24:58.649;12000;2024-09-07 04:24:58.792;10
BRG00145;petai utuh;f8dac0af-3bf3-482d-b7da-ccbfb0f39edf;3b534ec4-7119-4422-8199-dd36e3d76b2f;2024-09-07 04:24:58.649;2024-09-07 04:24:58.649;8000;2024-09-07 04:24:58.793;10
BRG00146;Petersely;f8dac0af-3bf3-482d-b7da-ccbfb0f39edf;3b534ec4-7119-4422-8199-dd36e3d76b2f;2024-09-07 04:24:58.649;2024-09-07 04:24:58.649;80000;2024-09-07 04:24:58.794;10
BRG00147;Petis eva;f8dac0af-3bf3-482d-b7da-ccbfb0f39edf;3b534ec4-7119-4422-8199-dd36e3d76b2f;2024-09-07 04:24:58.649;2024-09-07 04:24:58.649;24000;2024-09-07 04:24:58.795;10
BRG00148;Pisang Ambon;f8dac0af-3bf3-482d-b7da-ccbfb0f39edf;3b534ec4-7119-4422-8199-dd36e3d76b2f;2024-09-07 04:24:58.649;2024-09-07 04:24:58.649;23000;2024-09-07 04:24:58.796;10
BRG00149;Pisang kapas;f8dac0af-3bf3-482d-b7da-ccbfb0f39edf;3b534ec4-7119-4422-8199-dd36e3d76b2f;2024-09-07 04:24:58.649;2024-09-07 04:24:58.649;18000;2024-09-07 04:24:58.797;10
BRG00150;Pisang Kepok Kuning;f8dac0af-3bf3-482d-b7da-ccbfb0f39edf;3b534ec4-7119-4422-8199-dd36e3d76b2f;2024-09-07 04:24:58.649;2024-09-07 04:24:58.649;25000;2024-09-07 04:24:58.798;10
BRG00151;pisang klutuk;f8dac0af-3bf3-482d-b7da-ccbfb0f39edf;3b534ec4-7119-4422-8199-dd36e3d76b2f;2024-09-07 04:24:58.649;2024-09-07 04:24:58.649;20000;2024-09-07 04:24:58.799;10
BRG00152;Pisang Mas;f8dac0af-3bf3-482d-b7da-ccbfb0f39edf;3b534ec4-7119-4422-8199-dd36e3d76b2f;2024-09-07 04:24:58.649;2024-09-07 04:24:58.649;20000;2024-09-07 04:24:58.800;10
BRG00153;Pisang Raja;f8dac0af-3bf3-482d-b7da-ccbfb0f39edf;3b534ec4-7119-4422-8199-dd36e3d76b2f;2024-09-07 04:24:58.649;2024-09-07 04:24:58.649;25000;2024-09-07 04:24:58.801;10
BRG00154;Pisang Susu;f8dac0af-3bf3-482d-b7da-ccbfb0f39edf;3b534ec4-7119-4422-8199-dd36e3d76b2f;2024-09-07 04:24:58.649;2024-09-07 04:24:58.649;20000;2024-09-07 04:24:58.802;10
BRG00155;Putren;f8dac0af-3bf3-482d-b7da-ccbfb0f39edf;3b534ec4-7119-4422-8199-dd36e3d76b2f;2024-09-07 04:24:58.649;2024-09-07 04:24:58.649;35000;2024-09-07 04:24:58.803;10
BRG00156;Rebung Rajang;f8dac0af-3bf3-482d-b7da-ccbfb0f39edf;3b534ec4-7119-4422-8199-dd36e3d76b2f;2024-09-07 04:24:58.649;2024-09-07 04:24:58.649;25000;2024-09-07 04:24:58.804;10
BRG00157;Rebung utuh;f8dac0af-3bf3-482d-b7da-ccbfb0f39edf;3b534ec4-7119-4422-8199-dd36e3d76b2f;2024-09-07 04:24:58.649;2024-09-07 04:24:58.649;20000;2024-09-07 04:24:58.805;10
BRG00158;rumput laut;f8dac0af-3bf3-482d-b7da-ccbfb0f39edf;3b534ec4-7119-4422-8199-dd36e3d76b2f;2024-09-07 04:24:58.649;2024-09-07 04:24:58.649;25000;2024-09-07 04:24:58.806;10
BRG00159;Salak Pondok;f8dac0af-3bf3-482d-b7da-ccbfb0f39edf;3b534ec4-7119-4422-8199-dd36e3d76b2f;2024-09-07 04:24:58.649;2024-09-07 04:24:58.649;10000;2024-09-07 04:24:58.807;10
BRG00160;Sambal Kacang;f8dac0af-3bf3-482d-b7da-ccbfb0f39edf;3b534ec4-7119-4422-8199-dd36e3d76b2f;2024-09-07 04:24:58.649;2024-09-07 04:24:58.649;80000;2024-09-07 04:24:58.808;10
BRG00161;sawi asin;f8dac0af-3bf3-482d-b7da-ccbfb0f39edf;3b534ec4-7119-4422-8199-dd36e3d76b2f;2024-09-07 04:24:58.649;2024-09-07 04:24:58.649;30000;2024-09-07 04:24:58.809;10
BRG00162;Sawi Putih;f8dac0af-3bf3-482d-b7da-ccbfb0f39edf;3b534ec4-7119-4422-8199-dd36e3d76b2f;2024-09-07 04:24:58.649;2024-09-07 04:24:58.649;14000;2024-09-07 04:24:58.810;10
BRG00163;Sawi Sendok;f8dac0af-3bf3-482d-b7da-ccbfb0f39edf;3b534ec4-7119-4422-8199-dd36e3d76b2f;2024-09-07 04:24:58.649;2024-09-07 04:24:58.649;12000;2024-09-07 04:24:58.811;10
BRG00164;sedap malam;f8dac0af-3bf3-482d-b7da-ccbfb0f39edf;3b534ec4-7119-4422-8199-dd36e3d76b2f;2024-09-07 04:24:58.649;2024-09-07 04:24:58.649;80000;2024-09-07 04:24:58.812;10
BRG00165;selada air;f8dac0af-3bf3-482d-b7da-ccbfb0f39edf;3b534ec4-7119-4422-8199-dd36e3d76b2f;2024-09-07 04:24:58.649;2024-09-07 04:24:58.649;25000;2024-09-07 04:24:58.813;10
BRG00166;Selada Keriting;f8dac0af-3bf3-482d-b7da-ccbfb0f39edf;3b534ec4-7119-4422-8199-dd36e3d76b2f;2024-09-07 04:24:58.649;2024-09-07 04:24:58.649;30000;2024-09-07 04:24:58.814;10
BRG00167;selada merah;f8dac0af-3bf3-482d-b7da-ccbfb0f39edf;3b534ec4-7119-4422-8199-dd36e3d76b2f;2024-09-07 04:24:58.649;2024-09-07 04:24:58.649;40000;2024-09-07 04:24:58.815;10
BRG00168;Seledri;f8dac0af-3bf3-482d-b7da-ccbfb0f39edf;3b534ec4-7119-4422-8199-dd36e3d76b2f;2024-09-07 04:24:58.649;2024-09-07 04:24:58.649;40000;2024-09-07 04:24:58.816;10
BRG00169;Semangka Tanpa Biji;f8dac0af-3bf3-482d-b7da-ccbfb0f39edf;3b534ec4-7119-4422-8199-dd36e3d76b2f;2024-09-07 04:24:58.649;2024-09-07 04:24:58.649;12000;2024-09-07 04:24:58.817;10
BRG00170;Sereh Besar;f8dac0af-3bf3-482d-b7da-ccbfb0f39edf;3b534ec4-7119-4422-8199-dd36e3d76b2f;2024-09-07 04:24:58.649;2024-09-07 04:24:58.649;12000;2024-09-07 04:24:58.818;10
BRG00171;singkong;f8dac0af-3bf3-482d-b7da-ccbfb0f39edf;3b534ec4-7119-4422-8199-dd36e3d76b2f;2024-09-07 04:24:58.649;2024-09-07 04:24:58.649;14000;2024-09-07 04:24:58.819;10
BRG00172;singkong kupas;f8dac0af-3bf3-482d-b7da-ccbfb0f39edf;3b534ec4-7119-4422-8199-dd36e3d76b2f;2024-09-07 04:24:58.649;2024-09-07 04:24:58.649;12000;2024-09-07 04:24:58.820;10
BRG00173;Sirsak;f8dac0af-3bf3-482d-b7da-ccbfb0f39edf;3b534ec4-7119-4422-8199-dd36e3d76b2f;2024-09-07 04:24:58.649;2024-09-07 04:24:58.649;25000;2024-09-07 04:24:58.821;10
BRG00174;Strawberry;f8dac0af-3bf3-482d-b7da-ccbfb0f39edf;3b534ec4-7119-4422-8199-dd36e3d76b2f;2024-09-07 04:24:58.649;2024-09-07 04:24:58.649;70000;2024-09-07 04:24:58.822;10
BRG00175;tahu pong;f8dac0af-3bf3-482d-b7da-ccbfb0f39edf;3b534ec4-7119-4422-8199-dd36e3d76b2f;2024-09-07 04:24:58.649;2024-09-07 04:24:58.649;500;2024-09-07 04:24:58.823;10
BRG00176;Tahu Putih;f8dac0af-3bf3-482d-b7da-ccbfb0f39edf;3b534ec4-7119-4422-8199-dd36e3d76b2f;2024-09-07 04:24:58.649;2024-09-07 04:24:58.649;900;2024-09-07 04:24:58.824;10
BRG00177;Tahu Serasi;f8dac0af-3bf3-482d-b7da-ccbfb0f39edf;3b534ec4-7119-4422-8199-dd36e3d76b2f;2024-09-07 04:24:58.649;2024-09-07 04:24:58.649;21000;2024-09-07 04:24:58.825;10
BRG00178;Taoge Kedelai;f8dac0af-3bf3-482d-b7da-ccbfb0f39edf;3b534ec4-7119-4422-8199-dd36e3d76b2f;2024-09-07 04:24:58.649;2024-09-07 04:24:58.649;17000;2024-09-07 04:24:58.826;10
BRG00179;Taoge Panjang (Bersih);f8dac0af-3bf3-482d-b7da-ccbfb0f39edf;3b534ec4-7119-4422-8199-dd36e3d76b2f;2024-09-07 04:24:58.649;2024-09-07 04:24:58.649;12000;2024-09-07 04:24:58.827;10
BRG00180;Taoge Pendek (Bersih);f8dac0af-3bf3-482d-b7da-ccbfb0f39edf;3b534ec4-7119-4422-8199-dd36e3d76b2f;2024-09-07 04:24:58.649;2024-09-07 04:24:58.649;15000;2024-09-07 04:24:58.828;10
BRG00181;Tape Ketan;f8dac0af-3bf3-482d-b7da-ccbfb0f39edf;3b534ec4-7119-4422-8199-dd36e3d76b2f;2024-09-07 04:24:58.649;2024-09-07 04:24:58.649;5000;2024-09-07 04:24:58.829;10
BRG00182;Tape Singkong;f8dac0af-3bf3-482d-b7da-ccbfb0f39edf;3b534ec4-7119-4422-8199-dd36e3d76b2f;2024-09-07 04:24:58.649;2024-09-07 04:24:58.649;24000;2024-09-07 04:24:58.830;10
BRG00183;Telur Asin;f8dac0af-3bf3-482d-b7da-ccbfb0f39edf;3b534ec4-7119-4422-8199-dd36e3d76b2f;2024-09-07 04:24:58.649;2024-09-07 04:24:58.649;3500;2024-09-07 04:24:58.831;10
BRG00184;Telur Puyuh Kupas;f8dac0af-3bf3-482d-b7da-ccbfb0f39edf;3b534ec4-7119-4422-8199-dd36e3d76b2f;2024-09-07 04:24:58.649;2024-09-07 04:24:58.649;700;2024-09-07 04:24:58.832;10
BRG00185;Tempe Besar;f8dac0af-3bf3-482d-b7da-ccbfb0f39edf;3b534ec4-7119-4422-8199-dd36e3d76b2f;2024-09-07 04:24:58.649;2024-09-07 04:24:58.649;9000;2024-09-07 04:24:58.833;10
BRG00186;Tempe Daun;f8dac0af-3bf3-482d-b7da-ccbfb0f39edf;3b534ec4-7119-4422-8199-dd36e3d76b2f;2024-09-07 04:24:58.649;2024-09-07 04:24:58.649;2500;2024-09-07 04:24:58.834;10
BRG00187;Tepung Beras;f8dac0af-3bf3-482d-b7da-ccbfb0f39edf;3b534ec4-7119-4422-8199-dd36e3d76b2f;2024-09-07 04:24:58.649;2024-09-07 04:24:58.649;25000;2024-09-07 04:24:58.835;10
BRG00188;Tepung Kanji;f8dac0af-3bf3-482d-b7da-ccbfb0f39edf;3b534ec4-7119-4422-8199-dd36e3d76b2f;2024-09-07 04:24:58.649;2024-09-07 04:24:58.649;12000;2024-09-07 04:24:58.836;10
BRG00189;tepung ketan;f8dac0af-3bf3-482d-b7da-ccbfb0f39edf;3b534ec4-7119-4422-8199-dd36e3d76b2f;2024-09-07 04:24:58.649;2024-09-07 04:24:58.649;18000;2024-09-07 04:24:58.837;10
BRG00190;Tepung mutiara;f8dac0af-3bf3-482d-b7da-ccbfb0f39edf;3b534ec4-7119-4422-8199-dd36e3d76b2f;2024-09-07 04:24:58.649;2024-09-07 04:24:58.649;23000;2024-09-07 04:24:58.838;10
BRG00191;Terasi;f8dac0af-3bf3-482d-b7da-ccbfb0f39edf;3b534ec4-7119-4422-8199-dd36e3d76b2f;2024-09-07 04:24:58.649;2024-09-07 04:24:58.649;12000;2024-09-07 04:24:58.839;10
BRG00192;Teri Medan;f8dac0af-3bf3-482d-b7da-ccbfb0f39edf;3b534ec4-7119-4422-8199-dd36e3d76b2f;2024-09-07 04:24:58.649;2024-09-07 04:24:58.649;145000;2024-09-07 04:24:58.840;10
BRG00193;Terong Hijau;f8dac0af-3bf3-482d-b7da-ccbfb0f39edf;3b534ec4-7119-4422-8199-dd36e3d76b2f;2024-09-07 04:24:58.649;2024-09-07 04:24:58.649;12000;2024-09-07 04:24:58.841;10
BRG00194;Terong Ungu;f8dac0af-3bf3-482d-b7da-ccbfb0f39edf;3b534ec4-7119-4422-8199-dd36e3d76b2f;2024-09-07 04:24:58.649;2024-09-07 04:24:58.649;12000;2024-09-07 04:24:58.842;10
BRG00195;Timun Jepang / Hijau;f8dac0af-3bf3-482d-b7da-ccbfb0f39edf;3b534ec4-7119-4422-8199-dd36e3d76b2f;2024-09-07 04:24:58.649;2024-09-07 04:24:58.649;18000;2024-09-07 04:24:58.843;10
BRG00196;Tofu;f8dac0af-3bf3-482d-b7da-ccbfb0f39edf;3b534ec4-7119-4422-8199-dd36e3d76b2f;2024-09-07 04:24:58.649;2024-09-07 04:24:58.649;7500;2024-09-07 04:24:58.844;10
BRG00197;Tomat Hijau;f8dac0af-3bf3-482d-b7da-ccbfb0f39edf;3b534ec4-7119-4422-8199-dd36e3d76b2f;2024-09-07 04:24:58.649;2024-09-07 04:24:58.649;14000;2024-09-07 04:24:58.845;10
BRG00198;Tomat Merah;f8dac0af-3bf3-482d-b7da-ccbfb0f39edf;3b534ec4-7119-4422-8199-dd36e3d76b2f;2024-09-07 04:24:58.649;2024-09-07 04:24:58.649;15000;2024-09-07 04:24:58.846;10
BRG00199;tong jae;f8dac0af-3bf3-482d-b7da-ccbfb0f39edf;3b534ec4-7119-4422-8199-dd36e3d76b2f;2024-09-07 04:24:58.649;2024-09-07 04:24:58.649;8000;2024-09-07 04:24:58.847;10
BRG00200;tusuk sate;f8dac0af-3bf3-482d-b7da-ccbfb0f39edf;3b534ec4-7119-4422-8199-dd36e3d76b2f;2024-09-07 04:24:58.649;2024-09-07 04:24:58.649;24000;2024-09-07 04:24:58.848;10
BRG00201;Ubi kuning;f8dac0af-3bf3-482d-b7da-ccbfb0f39edf;3b534ec4-7119-4422-8199-dd36e3d76b2f;2024-09-07 04:24:58.649;2024-09-07 04:24:58.649;12000;2024-09-07 04:24:58.849;10
BRG00202;Ubi Manis Cilembu;f8dac0af-3bf3-482d-b7da-ccbfb0f39edf;3b534ec4-7119-4422-8199-dd36e3d76b2f;2024-09-07 04:24:58.649;2024-09-07 04:24:58.649;24000;2024-09-07 04:24:58.850;10
BRG00203;Ubi Putih;f8dac0af-3bf3-482d-b7da-ccbfb0f39edf;3b534ec4-7119-4422-8199-dd36e3d76b2f;2024-09-07 04:24:58.649;2024-09-07 04:24:58.649;12000;2024-09-07 04:24:58.851;10
BRG00204;ubi ungu;f8dac0af-3bf3-482d-b7da-ccbfb0f39edf;3b534ec4-7119-4422-8199-dd36e3d76b2f;2024-09-07 04:24:58.649;2024-09-07 04:24:58.649;14000;2024-09-07 04:24:58.852;10
BRG00205;Wortel Lokal;f8dac0af-3bf3-482d-b7da-ccbfb0f39edf;3b534ec4-7119-4422-8199-dd36e3d76b2f;2024-09-07 04:24:58.649;2024-09-07 04:24:58.649;17000;2024-09-07 04:24:58.853;10
BRG00206;Fillet dada ayam;f8dac0af-3bf3-482d-b7da-ccbfb0f39edf;3b534ec4-7119-4422-8199-dd36e3d76b2f;2024-09-07 04:24:58.649;2024-09-07 04:24:58.649;55000;2024-09-07 04:24:58.854;10
BRG00207;Ayam Pejantan;f8dac0af-3bf3-482d-b7da-ccbfb0f39edf;3b534ec4-7119-4422-8199-dd36e3d76b2f;2024-09-07 04:24:58.649;2024-09-07 04:24:58.649;45000;2024-09-07 04:24:58.854;10
